1769	Shyam Ghetiya	shyamdghetiya212@gmail.com	Shyam Ghetiya
1769	Shyam Ghetiya	shyamdghetiya212@gmail.com	 Suhaniben Dalsania
1770	Purvi Joshi	purvisheth1990@gmail.com	Purvi  Joshi
1770	Purvi Joshi	purvisheth1990@gmail.com	 Jay  Joshi
1773	Shailendra Ghatage	shzipsu@yahoo.com	Shailendra  Ghatage
1773	Shailendra Ghatage	shzipsu@yahoo.com	 Susmita Ghatage
1773	Shailendra Ghatage	shzipsu@yahoo.com	 Akhilesh  Ghatage
1774	Manasi Naik	manasirnaik@yahoo.co.in	Manasi Naik
1774	Manasi Naik	manasirnaik@yahoo.co.in	 Aditi Naik
1775	Juilee Joshi	juileejsh86@gmail.com	Juilee Joshi
1775	Juilee Joshi	juileejsh86@gmail.com	 Aditya  Bhagwat
1776	Sailaja Madha	sailajamadha@gmail.com	Sailaja Madha
1776	Sailaja Madha	sailajamadha@gmail.com	 Anu  Sharma
1776	Sailaja Madha	sailajamadha@gmail.com	 Beena  Sharma
1779	Vrushali Wani	Vrushali.gade2010@gmail.com	Vrushali  Wani
1780	Singwala Tashmi	tashraj2007@gmail.com	Singwala Tashmi
1780	Singwala Tashmi	tashraj2007@gmail.com	 Singwala Pal
1780	Singwala Tashmi	tashraj2007@gmail.com	 Patel Yash
1780	Singwala Tashmi	tashraj2007@gmail.com	 
1782	Avantika Venkta	avantikavenkta@gmail.com	Avantika Venkta
1782	Avantika Venkta	avantikavenkta@gmail.com	 Vishnu Venkta
1783	Snehal Joshi	snehaljoshi177@gmail.com	Snehal Joshi
1783	Snehal Joshi	snehaljoshi177@gmail.com	 Harshad Joshi
1784	Shikha Sharma	shikhasharmaavni@gmail.com	Shikha  Sharma
1784	Shikha Sharma	shikhasharmaavni@gmail.com	 Shanti saroop Sharma
1784	Shikha Sharma	shikhasharmaavni@gmail.com	 Sharma Avni
1784	Shikha Sharma	shikhasharmaavni@gmail.com	 Sharma Ayaan
1784	Shikha Sharma	shikhasharmaavni@gmail.com	 
1786	Ankita Purohit	ankitapurohit8918@gmail.com	Ankita  Purohit 
1786	Ankita Purohit	ankitapurohit8918@gmail.com	 Bhargav  Purohit 
1788	Shilpa Sarda	Shilpagoody@gmail.com	Shilpa Sarda
1788	Shilpa Sarda	Shilpagoody@gmail.com	 Surya Sarda
1789	Jigna Chothani	jignatanna12@gmail.com	Jigna Chothani
1789	Jigna Chothani	jignatanna12@gmail.com	 Rinkal Davda
1789	Jigna Chothani	jignatanna12@gmail.com	 Krutika  Gandhi
1791	Sushma R	srtokyo2020@gmail.com	Sushma  R
1791	Sushma R	srtokyo2020@gmail.com	 Shangrila J
1791	Sushma R	srtokyo2020@gmail.com	 Sumana S
1791	Sushma R	srtokyo2020@gmail.com	 Sharika J
1793	Peeyush Nagori	pnagori@gmail.com	Peeyush Nagori
1793	Peeyush Nagori	pnagori@gmail.com	 Pooja  Nagori
1795	Rachana Jogani	Rachu19802050@yahoo.co.uk	Rachana Jogani
1795	Rachana Jogani	Rachu19802050@yahoo.co.uk	 Miten Jogani
1795	Rachana Jogani	Rachu19802050@yahoo.co.uk	 Tanisha  Jogani
1795	Rachana Jogani	Rachu19802050@yahoo.co.uk	 Janavika  Prabhat
1796	Deepa Jhaveri	khushay@gmail.com	Deepa  Jhaveri 
1796	Deepa Jhaveri	khushay@gmail.com	 Krishau  Jhaveri
1796	Deepa Jhaveri	khushay@gmail.com	 Khushi  Jhaveri 
1796	Deepa Jhaveri	khushay@gmail.com	 Dharmesh Jhaveri 
1799	Sarika Shelar	Sarika.pinky84@gmail.com	Sarika Shelar
1799	Sarika Shelar	Sarika.pinky84@gmail.com	 
1800	Yogendra Atal	my2702@gmail.com	Yogendra  Atal
1800	Yogendra Atal	my2702@gmail.com	 Mandeep  Atal
1800	Yogendra Atal	my2702@gmail.com	 Diya Atal
1800	Yogendra Atal	my2702@gmail.com	 Aviral Atal
1801	Yogesh Jagtap	yogesh.Jagtap31@gmail.com	Yogesh Jagtap
1801	Yogesh Jagtap	yogesh.Jagtap31@gmail.com	 Vaishali Jagtap 
1802	Jitendra Gujarathi	jitendra.gujarathi@gmail.com	Jitendra Gujarathi
1802	Jitendra Gujarathi	jitendra.gujarathi@gmail.com	 Priya  Gujarathi
1802	Jitendra Gujarathi	jitendra.gujarathi@gmail.com	 Soham Gujarathi
1803	Nidhi Jain	nidhijain267@gmail.com	Nidhi  Jain 
1805	Paritoshi Katiyar	Pgkt88@gmail.com	Paritoshi Katiyar
1805	Paritoshi Katiyar	Pgkt88@gmail.com	 Amit kumar Sachan
1805	Paritoshi Katiyar	Pgkt88@gmail.com	 Tanisha Sachan
1806	Anchal Purwar	Anchalpurwar@yahoo.com	Anchal Purwar
1807	Aakash Dhandia	coolash09@me.com	Aakash Dhandia
1807	Aakash Dhandia	coolash09@me.com	 Rupal  Dhandia
1807	Aakash Dhandia	coolash09@me.com	 Bhavya  Dhandia
1807	Aakash Dhandia	coolash09@me.com	 Muskan Dhandia
1807	Aakash Dhandia	coolash09@me.com	 
1808	Shruti Lahoti	arshruti.lahoti@gmail.com	Shruti Lahoti
1808	Shruti Lahoti	arshruti.lahoti@gmail.com	 Ashish Lahoti
1808	Shruti Lahoti	arshruti.lahoti@gmail.com	 Sachi Lahoti
1808	Shruti Lahoti	arshruti.lahoti@gmail.com	 Kabir  Lahoti 
1809	Disha Juriani	dishajuriani@gmail.com	Disha  Juriani 
1810	Monica Jamdade	Monica.pharande13@gmail.com	Monica Jamdade
1810	Monica Jamdade	Monica.pharande13@gmail.com	 Yuvraj  Jamdade
1810	Monica Jamdade	Monica.pharande13@gmail.com	 Shourya  Jamdade
1811	Krupa Chotalia	Krupachotalia0@gmail.com	Krupa Chotalia
1812	Deepa Jhaveri	jhaverideepa@icloud.com	Jyoti pandey
1812	Deepa Jhaveri	jhaverideepa@icloud.com	 Tirath pandey
1812	Deepa Jhaveri	jhaverideepa@icloud.com	 Hikaru
1812	Deepa Jhaveri	jhaverideepa@icloud.com	 Chattarani
1813	Ashit Tanna	anutanna18@gmail.com	Ashit Tanna
1813	Ashit Tanna	anutanna18@gmail.com	 Anuja Tanna
1814	Krutika Mistry	Ktmistry321@gmail.com	Krutika Mistry
1814	Krutika Mistry	Ktmistry321@gmail.com	 Tejas Mistry
1814	Krutika Mistry	Ktmistry321@gmail.com	 Nehal Mistry
1814	Krutika Mistry	Ktmistry321@gmail.com	 Netra Mistry
1816	Ruchi Srivastava	manishruchi@gmail.com	Ruchi Srivastava 
1816	Ruchi Srivastava	manishruchi@gmail.com	 Manish Srivastava
1816	Ruchi Srivastava	manishruchi@gmail.com	 Gunjan  Srivastava 
1816	Ruchi Srivastava	manishruchi@gmail.com	 Riya Srivastava 
1817	Minal Pawar	Minal.pingle1712@gmail.com	Sara Pawar
1817	Minal Pawar	Minal.pingle1712@gmail.com	 Ashwini Kodre
1817	Minal Pawar	Minal.pingle1712@gmail.com	 Nilesh  Kodre
1817	Minal Pawar	Minal.pingle1712@gmail.com	 Shalini Kodre
1818	Harsh Sarda	Shilpagoody@gmail.com	Harsh Sarda
1819	Vandana Bhatnagar	vandana.dei@gmail.com	Vandana Bhatnagar 
1819	Vandana Bhatnagar	vandana.dei@gmail.com	 Gaivleen  Kaur Nijhawan