Prabhakaran Swami	praba_rs@yahoo.com	Prabhakaran Swami, Malar Prabhakar, Rithwik Prabhakar,	A,A,A,
Natarajan Dhakshinamoorthy	nataraj_dhakshina@yahoo.com	Natarajan Dhakshinamoorthy, Jayanthi Natarajan, Manav Natarajan,	A,A,A,
Naren Desai	desainaren@gmail.com	Naren Desai, Anupama Desai, Bhairavi Desai, Ved Desai,	A,A,A,C,
Smithin Patil	smithin_patil@yahoo.com	Smithin Patil, Kavita Patil, Dhvani Patil,	A,A,A,
MANDAR WADKE	mandar.wadke@gmail.com	MANDAR WADKE,	A,
AAKASH DHANDIA	aakash_dhandia@hotmail.com	AAKASH DHANDIA, RUPAL DHANDIA, CHHAYA DHANDIA, BHAVYA DHANDIA, MUSKAN DHANDIA,	A,A,A,C,C,
Shailendra Ghatage	shzipsu@yahoo.com	Shailendra Ghatage, Susmita Ghatage, Akhilesh Ghatage,	A,A,A,
Bhupendar Saggu	bhupendar.saggu@gmail.com	Bhupendar Saggu, Manisha Saggu, Samrudhi Naiku, Arnav Naiku, Samara Saggu,	A,A,A,C,C,
Varsha Meher	Varsha.meher@gmail.com	Varsha Meher, Sameer Meher, Nabhij Meher,	A,A,C,
Manoj Kumar	m_bardiya@hotmail.com	Manoj Kumar,	A,
Paresh Manoj Kumar	m_bardiya@hotmail.com	Manoj Kumar,	A,
Digambar Dhake	dd4restthings@gmail.com	Digambar Dhake, Leena Dhake, Urvi  Dhake,	A,A,C,
Anjali Chaudhari	anjalij4@gmail.com	Anjali Chaudhari , Ashutosh  Chaudhari , Kimaya  Chaudhari , Rushil  Chaudhari ,	A,A,C,C,
Amrut Hogade	ashwini_agey@yahoo.co.in	Amrut Hogade, Ashwini Hogade, Aarya Hogade,	A,A,C,
Subarna Nandy	rimanandy@yahoo.com	Subarna  Nandy , Kumar  Nandy ,	A,A,
Pari By Manoj	m_bardiya@hotmail.com	Manoj Bardia,	C,
Anurag Moudgil	anurag.moudgil@gmail.com	Anurag Moudgil,	A,
