Visal Hemant	hemant.visal@gmail.com	Visal Hemant,Visal Rashmi,Visal Isha,Visal Asmi,	A,A,A,C,
Saanvi 	amitaskulkarni@gmail.com	Saanvi ,Amita Deshpande ,Vishal Deshpande ,	C,A,A,
Ridhi Mahajan	rajivkumarmahajan@gmal.con	Ridhi Mahajan,	A,
Rajiv mahajan	rajivkumarmahajan@gmail.com	Rajiv mahajan,Savita Mahajan,	A,A,
Khwaish jain	khwaishsrimal@gmail.com	Khwaish jain,Suhani jain,Vishal jain,Nidhi jain,	A,C,A,A,
Mukkundi Pramod	shamadeshpande@gmail.com	Mukkundi Pramod,Mukkundi Sharmila,Mukkundi Priya,Mukkundi Sriya,	A,A,A,C,
Lekshmi Shailesh	lekshmi.shailesh@gmail.com	Lekshmi Shailesh,	A,
Parvathy Abhilash	paru25@gmail.com	Parvathy Abhilash,Sharan Abhilash,	A,C,
Sanika Naik	pradnya.khadilkar@gmail.com	Sanika Naik,Pradnya Naik,Mandar Naik,	C,A,A,
Sashmita Panda	sashmita.p@gmail.com	Sashmita Panda,	A,
Amit Kumar Sarangi 	amitkumarsarangi@gmail.com	Amit Kumar Sarangi ,	A,
Jogani Tanisha 	rachu19802050@yahoo.co.uk	Jogani Tanisha ,Jogani Rachana,Jogani Miten,	C,A,A,
Pranavi Sri  Thalluri	sreerangashyam@gmail.com	Pranavi Sri  Thalluri,Shyam Thalluri,Renu Thalluri,	C,A,A,
Gundecha Palak	gundechapreeti@gmail.com	Gundecha Palak,Gundecha Parth,Gundecha Preeti,Gundecha Amit,	C,C,A,A,
Menon Sahasra	sandhya.jan@gmail.com	Menon Sahasra,Jan Sandhya ,	C,A,
Singh prisha	priyanka.bapna.singh@gmail.com	Singh prisha,Singh priyanka,	C,A,
Paul Mrinmoiye 	polruma@gmail.com	Paul Mrinmoiye ,Paul Shiddharto,Paul Ruma Rani ,	C,C,A,
Kailash Malkani 	malkani_ca@yahoo.co.in	Kailash Malkani ,Kaushalya K Malkani ,	A,A,
SRIYA JAYESH	dhanyajayesh01@gmail.com	SRIYA JAYESH,	C,
Navya Malkani 	malkani_ca@yahoo.co.in	Navya Malkani ,	C,
SHIKHA.P.PILLAI	sangu.prasanth@gmail.com	SHIKHA.P.PILLAI,	C,
Deepti Patil	deepti.patil9@gmail.com	Deepti Patil,	A,
Nitin Patil	ndpatil9@gmail.com	Nitin Patil,Vaidehi Patil,	A,C,
Deshpande Priya	bhalerao.deshpande@gmail.com	Deshpande Priya,Deshpande Laasya,Deshpande Abhishek,	A,C,A,
DHANYA JAYESH	dhanyajayesh01@gmail.com	DHANYA JAYESH,	A,
Pooja Abhilash	paru25@gmail.com	Pooja Abhilash,Abhilash Radhakrishnan,	C,A,
Nigi Tiby	nigigibson@gmail.com	Nigi Tiby,	A,
Samanvita kanchinadam	srilu.sammu@gmail.com	Samanvita kanchinadam,Srilakshmi kanchinadam,	C,A,
Sangeethaprasanth 	sangu.prasanth@gmail.com	Sangeethaprasanth ,	A,
Venkata ramana kanchinadam	srilu.sammu@gmail.com	Venkata ramana kanchinadam,Sauhitya kanchinadam,	A,C,
Sripujitha polisetti 	kalpanapoojitha@gmail.com	Sripujitha polisetti ,	C,
Jaisakthi chandrakumar	jaiambichan@gmail.com	Jaisakthi chandrakumar,	C,
Kalpana Polisetti 	kalpanapoojitha@gmail.com	Kalpana Polisetti ,	A,
Nayak Rajshree	rajshreelinu@gmail.com	Nayak Rajshree,	A,
Chandran Chaithanya	chaithanyamenon@gmail.com	Chandran Chaithanya,	A,
MACIN JOE	macinannphilip@gmail.com	MACIN JOE,SANA MARY JOE,	A,C,
ADITI	sapanapaudel@gmail.com	ADITI,	C,
SIDDHI	priya.shelar@gmail.com	SIDDHI,	C,
JAYAN ASWATHY 	aswathyjayan9@gmail.com	JAYAN ASWATHY ,	A,
Sameeha	snabina@gmail.com	Sameeha,Samriddhi,Nabina,Sugam,	C,C,A,A,
Ghosh Ranjan	ronghosh77@gmail.com	Ghosh Ranjan,Ghosh Amrita,Ghosh Anannya,Ghosh Arjun,	A,A,C,C,
Chaudhary Anindita	ashucdri@gmail.com	Chaudhary Anindita,Verma Alka,Kumar Ashutosh,	C,A,A,
Nayak Avantika	rajshreelinu@gmail.com	Nayak Avantika,	C,
Ragesh Aditi	nimithab@gmail.com	Ragesh Aditi,	C,
Dwivedi Anushri	pindwi@gmail.com	Dwivedi Anushri,Dwivedi Arindam,Dwivedi Satakshi ,	C,A,A,
Janavika	laks_sanj@yahoo.co.in	Janavika,	C,
Dubey Kalpnath	pindwi@gmail.com	Dubey Kalpnath,Dubey Mandvi ,	A,A,
Lakshmi	laks_sanj@yahoo.co.in	Lakshmi,	A,
Ayaan Ibrahim	aboobacker@gmail.com	Ayaan Ibrahim,Dhiya Aboobacker ,Raseena Aboobacker ,Babu Aboobacker ,	C,C,A,A,
MEGHNA SANTHOSH	santhosh.sreelakshmi@gmail.com	MEGHNA SANTHOSH,MANJU SANTHOSH,	C,A,
PRIYA SHELAR	priya.shelar@gmail.com	PRIYA SHELAR,	A,
Ghatole Arya	ajay.ghatole@gmail.com	Ghatole Arya,Adhya Ghatole ,GHATOLE ANURADHA,	A,C,A,
Geethika Laneesh	nanisha_a@yahoo.co.in	Geethika Laneesh,	C,
KIRAN PRAVEENA	kirrugk@gmail.com	KIRAN PRAVEENA,	A,
Amrita Jayaprakash 	kaniyajayaprakash@gmail.com	Amrita Jayaprakash ,Arya Jayaprakash ,Kaniya Jayaprakash  ,	C,A,A,
Snigdha Tunuguntla (performer)	sireeshatunuguntla@yahoo.com	Snigdha Tunuguntla (performer),Sireesha,	C,A,
MiniAju	miniaju@gmail.com	MiniAju,	A,
Spoorthi Pyarilal	mamatha.pyari@gmail.com	Spoorthi Pyarilal,Mamatha Pyarilal,	C,A,
Devika Rajeev 	tgvini1982@gmail.com	Devika Rajeev ,	C,
Keertana Pusapati	sudhadeepika@gmail.com	Keertana Pusapati,	C,
Vinitha Rajeev 	tgvini1982@gmail.com	Vinitha Rajeev ,	A,
Pusapati Deepika	sudhadeepika@gmail.com	Pusapati Deepika,	A,
Sanal Sharanyaka	lekhasanal@gmail.com	Sanal Sharanyaka,Sanal,Sanal Satvik,Sanal Lekha,	C,A,A,A,
GURRAM KIRANMAIYE 	kirrugk@gmail.com	GURRAM KIRANMAIYE ,	A,
Vibhor Singla	vibhor.singla@gmail.com	Vibhor Singla,Shweta Singla,Suhani Singla,	A,A,C,
Attarde Nayana	attardenayana@gmail.com	Attarde Nayana,Attarde Sunil,Attarde Stuti,Attarde Krisha,	A,A,A,C,
Jain Sonali	rajeshdjain@gmail.com	Jain Sonali,Jain Chavi,Jain Rajesh,	A,A,A,
Jewel Tiby	nigigibson@gmail.com	Jewel Tiby,Tiby Kuruvila,Johaan Tiby,	C,A,C,
Moharana Mousumi	mousumi.moharana@gmail.com	Moharana Mousumi,Maharana Jitendra,Maharana Evaan,	A,A,C,
Sahu Sisir	Sisirs@hotmail.com	Sahu Sisir,Manaswini Sahu,Sahu Sadhika,Sahu Samiksha,	A,A,C,C,
Meenakshi Gijo	priyagijos@gmail.com	Meenakshi Gijo,Priya Gijo,	C,A,
Bhopre Vividha	vividha.bhopre@gmail.com	Bhopre Vividha,Bhopre krishna,Bhopre Nilesh ,	A,C,A,
Kolhe usha	vividha.bhopre@gmail.con	Kolhe usha,	A,
Prathap Shrida	nithi21pn@gmail.com	Prathap Shrida,Prathap Nithya,	C,A,
Kush verma	meenamkumar@hotmail.com	Kush verma,Kush verma,Kush verma,	C,A,A,
Lodha Alka	alkalodha2012@gmail.com	Lodha Alka,Lodha Ashwin,Lodha Aakash ,Lodha arihant,Lodha parasmal,	A,A,A,C,A,
Joshi Riya 	riyaroyal2005@gmail.com	Joshi Riya ,Joshi Sabita ,Joshi Riona ,Joshi Ram Bhakta ,	A,A,C,A,
Baid ishita	alkalodha2012@gmail.com	Baid ishita,Lodha chandra,	A,A,
Agrawal Sonu	shalu2nit@yahoo.com	Agrawal Sonu,Nitin Agrawal ,Bhuvi Agrawal,Kanishk Agrawal,Sri Ram,	A,A,C,C,C,
Ragesh Nimitha	nimithab@gmail.com	Ragesh Nimitha,	A,
Bohara Araddhya	boharamanish@yahoo.com	Bohara Araddhya,Bohara shweta jain,Bohara Manish,Bohara laksh ,	C,A,A,C,
Mahika Radhakrishnan	anikpriya@gmail.com	Mahika Radhakrishnan,Anika Radhakrishnan,Preetha Radhakrishnan,	C,A,A,
Aparna Venugopal 	srikala112@gmail.con	Aparna Venugopal ,	C,
Srikala Shyamsunder	srikala112@gmail.com	Srikala Shyamsunder,	A,
Kogekar Alok	aloksan@gmail.com	Kogekar Alok,Kogekar Nupura,Kogekar Sachi,	A,A,C,
Pyara Singh 	pritam10@yahoo.com	Pyara Singh ,Paramjeet Kaur,	C,A,
Divya Muthukrishnan 	snmk@yahoo.com	Divya Muthukrishnan ,	C,
Baral Shreya Samiksha	anuradha_mhptr@yahoo.co.in	Baral Shreya Samiksha,	C,
Brindha Muthukrishnan 	snmk@yahoo.com	Brindha Muthukrishnan ,Muthukrishnan N,	C,A,
Baral Anuradha	anuradha_mhptr@yahoo.co.in	Baral Anuradha,	A,
Sivagamisundari sankar	snmk@yahoo.com	Sivagamisundari sankar,	A,
Bardia Seema 	uppercrust14@gmail.com	Bardia Seema ,Hetvi sutaria ,	A,C,
Pachchigar Poonam Viraj	Viga2000@gmail.com	Pachchigar Poonam Viraj,Pachchigar Viraj Nareshbhai,Pachchigar Parin Viraj,	A,A,C,
Ghatole Ajay 	ajay.ghatole@gmail.com	Ghatole Ajay ,	A,
Ananya Kothari 	nishakotharijain@yahoo.com	Ananya Kothari ,	C,
Mali Bhagyashree	bhagyashreemali2005@gmail.com	Mali Bhagyashree,Mali Tanisha ,	A,A,
Vinod Devika	lekshmi.vinod@gmail.com	Vinod Devika,Vinod Lekshmi ,	A,A,
Kiran Devi	kirankumarmr@gmail.com	Kiran Devi,KUMAR KIRAN,	A,A,
Kiran Deepa	kirankumarmr@gmai.com	Kiran Deepa,	A,
Seeejith Ellath	chaithanyamenon@gmail.com	Seeejith Ellath,Nivedita S Menon,	A,C,
Siksha jain	nancy.star.2007@gmail.com	Siksha jain,Manish jain,	A,A,
Ranjani	Ranjani1002@gmail.com	Ranjani,	A,
Deepasreekumar 	kichus@gmail.com	Deepasreekumar ,	A,
Ramya Raghu	japan.ramya@gmail.com	Ramya Raghu,	A,
Sharma Hazel	gash4lured@gmail.com	Sharma Hazel,	C,
Nidhi	nidhi.aashri@gmail.com	Nidhi,	A,
Sharma Gaurav	gash4lured@gmail.com	Sharma Gaurav,	A,
Rekha bafna 	nishakotharijain@yahoo.com	Rekha bafna ,	A,
Karthika	karthikapvr@gmail.com	Karthika,	A,
Mali Shruti 	bhagyashreemali2005@gmail.com	Mali Shruti ,	A,
Bhole vidya	vidyakolhe@gmail.com	Bhole vidya,	A,
Toshani Chatterjee	moupia.m@gmail.com	Toshani Chatterjee,	C,
Bhole Harivansh 	vidyakolhe@gmail.com	Bhole Harivansh ,Bhole Prashant,Bhole galu,Bhole sudha,	C,A,A,A,
Seethal Raj	seethalraj892014@gmail.com	Seethal Raj,	A,
SathishVidhya Shrijaan 	jvnr10dec@gmail.com	SathishVidhya Shrijaan ,	C,
Tarun Mohta	tarun.mohta@gmail.com	Tarun Mohta,Pratima Mohta,	A,A,
Vinod Devjeeth 	lekshmi.vinod@gmail.com	Vinod Devjeeth ,	C,
Advitha Parikipandla	priyanka.silivery@gmail.com	Advitha Parikipandla,Priyanka Parikipandla,Ajaykumar Parikipandla,	C,A,A,
Srija Reddy	salita_r@yahoo.co.in	Srija Reddy,	A,
Amol Shelar	sarika.pinky84@gmail.com	Amol Shelar,Sarika Shelar,Aarushi Shelar,	A,A,C,
Shreyas Reddy	salita_r@yahoo.co.in	Shreyas Reddy,Salitha,	A,A,
Seeja Prasad 	seeja.prasad@yahoo.co.in	Seeja Prasad ,Manjari  Prasad ,	A,A,
Anisha Pillai 	reshmyb@yahoo.com	Anisha Pillai ,	A,
Ambigapriya( Jaisakthi) 	jaiambichan@gmail.com	Ambigapriya( Jaisakthi) ,	A,
Sajan Anupa	anupaks3@gmail.com	Sajan Anupa,	A,
Nayikarimbil Sajan	anupaks3@gmsil.com	Nayikarimbil Sajan,	A,
Sajan Arav	anupaks3@gmail.com	Sajan Arav,	C,
Laneesh	nanisha_a@yahoo.co.in	Laneesh,Saarang ,	A,C,
Suchir Bahuguna 	bala.shail@gmail.com	Suchir Bahuguna ,Shubhranshu Bahuguna ,Shailbala Bahuguna ,	C,A,A,
Shreyash Shelar	priya.shelar@gmail.com	Shreyash Shelar,	C,
Harika Allu 	veenaallu@gmail.com	Harika Allu ,Praveena Allu ,Satya Allu ,	A,A,A,
Ashika Ramesh 	r4ramesh_kva@yahoo.co.in	Ashika Ramesh ,	C,
Ramesh kumar	r4ramesh_kva@yahooo.co.in	Ramesh kumar,	A,
Veena Ramesh 	r4ramesh_kva@yahoo.co.in	Veena Ramesh ,Ameesha Ramesh ,	A,A,
Krishnanunni K.J	krishnanunni121@gnail.com	Krishnanunni K.J,	A,
Anirudh Krishnan	aswathyjayan9@gmail.com	Anirudh Krishnan,	C,
Aditi Aju	miniaju@gmail.com	Aditi Aju,	A,
Vaishnavi polisetti 	kalpanapoojitha@gmail.com	Vaishnavi polisetti ,Lakshmaiah polisetti ,	C,A,
Manasvi bardia	uppercrust14@gmail.com	Manasvi bardia,	A,
Rinku sutaria	uppercrust14@gamil.com	Rinku sutaria,	A,
Sushil Goel	sushilkumargoel@gmail.com	Sushil Goel,Rashmi Goel,Ankit Goel,Dhvani Goel,	A,A,A,A,
Lekha Mohta	tarun.mohta@gmail.com	Lekha Mohta,Disha Mohta,	A,A,
khandelwal soham	rachana.khandelwal@yahoo.com	khandelwal soham,khandelwal rachana,khandelwal rishi,khandelwal prakariti,	C,A,A,C,
Nanisha 	nanisha_a@yahoo.co.in	Nanisha ,	A,
Preeja  Manoj	preejanr@hotmail.com	Preeja  Manoj,Manoj Ramanujam,Keertana  Manoj,Karthik Manoj,	A,A,A,C,
Kothari manya	nishakotharijain@yahoo.com	Kothari manya,Kothari Syna ,	C,C,
Sameena Adhikari	sarusapkota@gmail.com	Sameena Adhikari,Saraswati Adhikari,	C,A,
Surendra Bafna	nishakotharijain@yahoo.com	Surendra Bafna,Nisha Kothari,Manish Kothari,	A,A,A,
Soumya Halmandge	soumyahalmandge005@gmail.com	Soumya Halmandge,	C,
Astha Bhatnagar	bhat_y@yahoo.com	Astha Bhatnagar,Amulyaa,	A,C,
Aakarsh Bhatnagar	bhat_y@yahoo.con	Aakarsh Bhatnagar,	C,
Moupia Chattarjee	moupia.m@gmail.com	Moupia Chattarjee,	A,
