Visal Hemant	hemant.visal@gmail.com	Adult
Visal Rashmi	hemant.visal@gmail.com	Adult
Visal Isha	hemant.visal@gmail.com	Adult
Visal Asmi	hemant.visal@gmail.com	Child
Saanvi 	amitaskulkarni@gmail.com	Child
Amita Deshpande 	amitaskulkarni@gmail.com	Adult
Vishal Deshpande 	amitaskulkarni@gmail.com	Adult
Ridhi Mahajan	rajivkumarmahajan@gmal.con	Adult
Rajiv mahajan	rajivkumarmahajan@gmail.com	Adult
Savita Mahajan	rajivkumarmahajan@gmail.com	Adult
Khwaish jain	khwaishsrimal@gmail.com	Adult
Suhani jain	khwaishsrimal@gmail.com	Child
Vishal jain	khwaishsrimal@gmail.com	Adult
Nidhi jain	khwaishsrimal@gmail.com	Adult
Mukkundi Pramod	shamadeshpande@gmail.com	Adult
Mukkundi Sharmila	shamadeshpande@gmail.com	Adult
Mukkundi Priya	shamadeshpande@gmail.com	Adult
Mukkundi Sriya	shamadeshpande@gmail.com	Child
Lekshmi Shailesh	lekshmi.shailesh@gmail.com	Adult
Parvathy Abhilash	paru25@gmail.com	Adult
Sharan Abhilash	paru25@gmail.com	Child
Sanika Naik	pradnya.khadilkar@gmail.com	Child
Pradnya Naik	pradnya.khadilkar@gmail.com	Adult
Mandar Naik	pradnya.khadilkar@gmail.com	Adult
Sashmita Panda	sashmita.p@gmail.com	Adult
Amit Kumar Sarangi 	amitkumarsarangi@gmail.com	Adult
Jogani Tanisha 	rachu19802050@yahoo.co.uk	Child
Jogani Rachana	rachu19802050@yahoo.co.uk	Adult
Jogani Miten	rachu19802050@yahoo.co.uk	Adult
Pranavi Sri  Thalluri	sreerangashyam@gmail.com	Child
Shyam Thalluri	sreerangashyam@gmail.com	Adult
Renu Thalluri	sreerangashyam@gmail.com	Adult
Gundecha Palak	gundechapreeti@gmail.com	Child
Gundecha Parth	gundechapreeti@gmail.com	Child
Gundecha Preeti	gundechapreeti@gmail.com	Adult
Gundecha Amit	gundechapreeti@gmail.com	Adult
Menon Sahasra	sandhya.jan@gmail.com	Child
Jan Sandhya 	sandhya.jan@gmail.com	Adult
Singh prisha	priyanka.bapna.singh@gmail.com	Child
Singh priyanka	priyanka.bapna.singh@gmail.com	Adult
Paul Mrinmoiye 	polruma@gmail.com	Child
Paul Shiddharto	polruma@gmail.com	Child
Paul Ruma Rani 	polruma@gmail.com	Adult
Kailash Malkani 	malkani_ca@yahoo.co.in	Adult
Kaushalya K Malkani 	malkani_ca@yahoo.co.in	Adult
SRIYA JAYESH	dhanyajayesh01@gmail.com	Child
Navya Malkani 	malkani_ca@yahoo.co.in	Child
SHIKHA.P.PILLAI	sangu.prasanth@gmail.com	Child
Deepti Patil	deepti.patil9@gmail.com	Adult
Nitin Patil	ndpatil9@gmail.com	Adult
Vaidehi Patil	ndpatil9@gmail.com	Child
Deshpande Priya	bhalerao.deshpande@gmail.com	Adult
Deshpande Laasya	bhalerao.deshpande@gmail.com	Child
Deshpande Abhishek	bhalerao.deshpande@gmail.com	Adult
DHANYA JAYESH	dhanyajayesh01@gmail.com	Adult
Pooja Abhilash	paru25@gmail.com	Child
Abhilash Radhakrishnan	paru25@gmail.com	Adult
Nigi Tiby	nigigibson@gmail.com	Adult
Samanvita kanchinadam	srilu.sammu@gmail.com	Child
Srilakshmi kanchinadam	srilu.sammu@gmail.com	Adult
Sangeethaprasanth 	sangu.prasanth@gmail.com	Adult
Venkata ramana kanchinadam	srilu.sammu@gmail.com	Adult
Sauhitya kanchinadam	srilu.sammu@gmail.com	Child
Sripujitha polisetti 	kalpanapoojitha@gmail.com	Child
Jaisakthi chandrakumar	jaiambichan@gmail.com	Child
Kalpana Polisetti 	kalpanapoojitha@gmail.com	Adult
Nayak Rajshree	rajshreelinu@gmail.com	Adult
Chandran Chaithanya	chaithanyamenon@gmail.com	Adult
MACIN JOE	macinannphilip@gmail.com	Adult
SANA MARY JOE	macinannphilip@gmail.com	Child
ADITI	sapanapaudel@gmail.com	Child
SIDDHI	priya.shelar@gmail.com	Child
JAYAN ASWATHY 	aswathyjayan9@gmail.com	Adult
Sameeha	snabina@gmail.com	Child
Samriddhi	snabina@gmail.com	Child
Nabina	snabina@gmail.com	Adult
Sugam	snabina@gmail.com	Adult
Ghosh Ranjan	ronghosh77@gmail.com	Adult
Ghosh Amrita	ronghosh77@gmail.com	Adult
Ghosh Anannya	ronghosh77@gmail.com	Child
Ghosh Arjun	ronghosh77@gmail.com	Child
Chaudhary Anindita	ashucdri@gmail.com	Child
Verma Alka	ashucdri@gmail.com	Adult
Kumar Ashutosh	ashucdri@gmail.com	Adult
Nayak Avantika	rajshreelinu@gmail.com	Child
Ragesh Aditi	nimithab@gmail.com	Child
Dwivedi Anushri	pindwi@gmail.com	Child
Dwivedi Arindam	pindwi@gmail.com	Adult
Dwivedi Satakshi 	pindwi@gmail.com	Adult
Janavika	laks_sanj@yahoo.co.in	Child
Dubey Kalpnath	pindwi@gmail.com	Adult
Dubey Mandvi 	pindwi@gmail.com	Adult
Lakshmi	laks_sanj@yahoo.co.in	Adult
Ayaan Ibrahim	aboobacker@gmail.com	Child
Dhiya Aboobacker 	aboobacker@gmail.com	Child
Raseena Aboobacker 	aboobacker@gmail.com	Adult
Babu Aboobacker 	aboobacker@gmail.com	Adult
MEGHNA SANTHOSH	santhosh.sreelakshmi@gmail.com	Child
MANJU SANTHOSH	santhosh.sreelakshmi@gmail.com	Adult
PRIYA SHELAR	priya.shelar@gmail.com	Adult
Ghatole Arya	ajay.ghatole@gmail.com	Adult
Adhya Ghatole 	ajay.ghatole@gmail.com	Child
GHATOLE ANURADHA	ajay.ghatole@gmail.com	Adult
Geethika Laneesh	nanisha_a@yahoo.co.in	Child
KIRAN PRAVEENA	kirrugk@gmail.com	Adult
Amrita Jayaprakash 	kaniyajayaprakash@gmail.com	Child
Arya Jayaprakash 	kaniyajayaprakash@gmail.com	Adult
Kaniya Jayaprakash  	kaniyajayaprakash@gmail.com	Adult
Snigdha Tunuguntla (performer)	sireeshatunuguntla@yahoo.com	Child
Sireesha	sireeshatunuguntla@yahoo.com	Adult
MiniAju	miniaju@gmail.com	Adult
Spoorthi Pyarilal	mamatha.pyari@gmail.com	Child
Mamatha Pyarilal	mamatha.pyari@gmail.com	Adult
Devika Rajeev 	tgvini1982@gmail.com	Child
Keertana Pusapati	sudhadeepika@gmail.com	Child
Vinitha Rajeev 	tgvini1982@gmail.com	Adult
Pusapati Deepika	sudhadeepika@gmail.com	Adult
Sanal Sharanyaka	lekhasanal@gmail.com	Child
Sanal	lekhasanal@gmail.com	Adult
Sanal Satvik	lekhasanal@gmail.com	Adult
Sanal Lekha	lekhasanal@gmail.com	Adult
GURRAM KIRANMAIYE 	kirrugk@gmail.com	Adult
Vibhor Singla	vibhor.singla@gmail.com	Adult
Shweta Singla	vibhor.singla@gmail.com	Adult
Suhani Singla	vibhor.singla@gmail.com	Child
Attarde Nayana	attardenayana@gmail.com	Adult
Attarde Sunil	attardenayana@gmail.com	Adult
Attarde Stuti	attardenayana@gmail.com	Adult
Attarde Krisha	attardenayana@gmail.com	Child
Jain, Sonali	rajeshdjain@gmail.com	Adult
Jain, Chavi	rajeshdjain@gmail.com	Adult
Jain, Rajesh	rajeshdjain@gmail.com	Adult
Jewel Tiby	nigigibson@gmail.com	Child
Tiby Kuruvila	nigigibson@gmail.com	Adult
Johaan Tiby	nigigibson@gmail.com	Child
Moharana Mousumi	mousumi.moharana@gmail.com	Adult
Maharana Jitendra	mousumi.moharana@gmail.com	Adult
Maharana Evaan	mousumi.moharana@gmail.com	Child
Sahu Sisir	Sisirs@hotmail.com	Adult
Manaswini Sahu	Sisirs@hotmail.com	Adult
Sahu Sadhika	Sisirs@hotmail.com	Child
Sahu Samiksha	Sisirs@hotmail.com	Child
Meenakshi Gijo	priyagijos@gmail.com	Child
Priya Gijo	priyagijos@gmail.com	Adult
Bhopre Vividha	vividha.bhopre@gmail.com	Adult
Bhopre krishna	vividha.bhopre@gmail.com	Child
Bhopre Nilesh 	vividha.bhopre@gmail.com	Adult
Kolhe usha	vividha.bhopre@gmail.con	Adult
Prathap Shrida	nithi21pn@gmail.com	Child
Prathap Nithya	nithi21pn@gmail.com	Adult
Kush verma	meenamkumar@hotmail.com	Child
Kush verma	meenamkumar@hotmail.com	Adult
Kush verma	meenamkumar@hotmail.com	Adult
Lodha Alka	alkalodha2012@gmail.com	Adult
Lodha Ashwin	alkalodha2012@gmail.com	Adult
Lodha Aakash 	alkalodha2012@gmail.com	Adult
Lodha arihant	alkalodha2012@gmail.com	Child
Lodha parasmal	alkalodha2012@gmail.com	Adult
Joshi Riya 	riyaroyal2005@gmail.com	Adult
Joshi Sabita 	riyaroyal2005@gmail.com	Adult
Joshi Riona 	riyaroyal2005@gmail.com	Child
Joshi Ram Bhakta 	riyaroyal2005@gmail.com	Adult
Baid ishita	alkalodha2012@gmail.com	Adult
Lodha chandra	alkalodha2012@gmail.com	Adult
Agrawal Sonu	shalu2nit@yahoo.com	Adult
Nitin Agrawal 	shalu2nit@yahoo.com	Adult
Bhuvi Agrawal	shalu2nit@yahoo.com	Child
Kanishk Agrawal	shalu2nit@yahoo.com	Child
Sri Ram	shalu2nit@yahoo.com	Child
Ragesh Nimitha	nimithab@gmail.com	Adult
Bohara Araddhya	boharamanish@yahoo.com	Child
Bohara shweta jain	boharamanish@yahoo.com	Adult
Bohara Manish	boharamanish@yahoo.com	Adult
Bohara laksh 	boharamanish@yahoo.com	Child
Mahika Radhakrishnan	anikpriya@gmail.com	Child
Anika Radhakrishnan	anikpriya@gmail.com	Adult
Preetha Radhakrishnan	anikpriya@gmail.com	Adult
Aparna Venugopal 	srikala112@gmail.con	Child
Srikala Shyamsunder	srikala112@gmail.com	Adult
Kogekar Alok	aloksan@gmail.com	Adult
Kogekar Nupura	aloksan@gmail.com	Adult
Kogekar Sachi	aloksan@gmail.com	Child
Pyara Singh 	pritam10@yahoo.com	Child
Paramjeet Kaur	pritam10@yahoo.com	Adult
Divya Muthukrishnan 	snmk@yahoo.com	Child
Baral Shreya Samiksha	anuradha_mhptr@yahoo.co.in	Child
Brindha Muthukrishnan 	snmk@yahoo.com	Child
Muthukrishnan N	snmk@yahoo.com	Adult
Baral Anuradha	anuradha_mhptr@yahoo.co.in	Adult
Sivagamisundari sankar	snmk@yahoo.com	Adult
Bardia Seema 	uppercrust14@gmail.com	Adult
Hetvi sutaria 	uppercrust14@gmail.com	Child
Pachchigar Poonam Viraj	Viga2000@gmail.com	Adult
Pachchigar Viraj Nareshbhai	Viga2000@gmail.com	Adult
Pachchigar Parin Viraj	Viga2000@gmail.com	Child
Ghatole Ajay 	ajay.ghatole@gmail.com	Adult
Ananya Kothari 	nishakotharijain@yahoo.com	Child
Mali Bhagyashree	bhagyashreemali2005@gmail.com	Adult
Mali Tanisha 	bhagyashreemali2005@gmail.com	Adult
Vinod Devika	lekshmi.vinod@gmail.com	Adult
Vinod Lekshmi 	lekshmi.vinod@gmail.com	Adult
Kiran Devi	kirankumarmr@gmail.com	Adult
KUMAR KIRAN	kirankumarmr@gmail.com	Adult
Kiran Deepa	kirankumarmr@gmai.com	Adult
Seeejith Ellath	chaithanyamenon@gmail.com	Adult
Nivedita S Menon	chaithanyamenon@gmail.com	Child
Siksha jain	nancy.star.2007@gmail.com	Adult
Manish jain	nancy.star.2007@gmail.com	Adult
Ranjani	Ranjani1002@gmail.com	Adult
Deepasreekumar 	kichus@gmail.com	Adult
Ramya Raghu	japan.ramya@gmail.com	Adult
Sharma Hazel	gash4lured@gmail.com	Child
Nidhi	nidhi.aashri@gmail.com	Adult
Sharma Gaurav	gash4lured@gmail.com	Adult
Rekha bafna 	nishakotharijain@yahoo.com	Adult
Karthika	karthikapvr@gmail.com	Adult
Mali Shruti 	bhagyashreemali2005@gmail.com	Adult
Bhole vidya	vidyakolhe@gmail.com	Adult
Toshani Chatterjee	moupia.m@gmail.com	Child
Bhole Harivansh 	vidyakolhe@gmail.com	Child
Bhole Prashant	vidyakolhe@gmail.com	Adult
Bhole galu	vidyakolhe@gmail.com	Adult
Bhole sudha	vidyakolhe@gmail.com	Adult
Seethal Raj	seethalraj892014@gmail.com	Adult
SathishVidhya Shrijaan 	jvnr10dec@gmail.com	Child
Tarun Mohta	tarun.mohta@gmail.com	Adult
Pratima Mohta	tarun.mohta@gmail.com	Adult
Vinod Devjeeth 	lekshmi.vinod@gmail.com	Child
Advitha Parikipandla	priyanka.silivery@gmail.com	Child
Priyanka Parikipandla	priyanka.silivery@gmail.com	Adult
Ajaykumar Parikipandla	priyanka.silivery@gmail.com	Adult
Srija Reddy	salita_r@yahoo.co.in	Adult
Amol Shelar	sarika.pinky84@gmail.com	Adult
Sarika Shelar	sarika.pinky84@gmail.com	Adult
Aarushi Shelar	sarika.pinky84@gmail.com	Child
Shreyas Reddy	salita_r@yahoo.co.in	Adult
Salitha	salita_r@yahoo.co.in	Adult
Seeja Prasad 	seeja.prasad@yahoo.co.in	Adult
Manjari  Prasad 	seeja.prasad@yahoo.co.in	Adult
Anisha Pillai 	reshmyb@yahoo.com	Adult
Ambigapriya( Jaisakthi) 	jaiambichan@gmail.com	Adult
Sajan Anupa	anupaks3@gmail.com	Adult
Nayikarimbil Sajan	anupaks3@gmsil.com	Adult
Sajan Arav	anupaks3@gmail.com	Child
Laneesh	nanisha_a@yahoo.co.in	Adult
Saarang 	nanisha_a@yahoo.co.in	Child
Suchir Bahuguna 	bala.shail@gmail.com	Child
Shubhranshu Bahuguna 	bala.shail@gmail.com	Adult
Shailbala Bahuguna 	bala.shail@gmail.com	Adult
Shreyash Shelar	priya.shelar@gmail.com	Child
Harika Allu 	veenaallu@gmail.com	Adult
Praveena Allu 	veenaallu@gmail.com	Adult
Satya Allu 	veenaallu@gmail.com	Adult
Ashika Ramesh 	r4ramesh_kva@yahoo.co.in	Child
Ramesh kumar	r4ramesh_kva@yahooo.co.in	Adult
Veena Ramesh 	r4ramesh_kva@yahoo.co.in	Adult
Ameesha Ramesh 	r4ramesh_kva@yahoo.co.in	Adult
Krishnanunni K.J	krishnanunni121@gnail.com	Adult
Anirudh Krishnan	aswathyjayan9@gmail.com	Child
Aditi Aju	miniaju@gmail.com	Adult
Vaishnavi polisetti 	kalpanapoojitha@gmail.com	Child
Lakshmaiah polisetti 	kalpanapoojitha@gmail.com	Adult
Manasvi bardia	uppercrust14@gmail.com	Adult
Rinku sutaria	uppercrust14@gamil.com	Adult
Sushil Goel	sushilkumargoel@gmail.com	Adult
Rashmi Goel	sushilkumargoel@gmail.com	Adult
Ankit Goel	sushilkumargoel@gmail.com	Adult
Dhvani Goel	sushilkumargoel@gmail.com	Adult
Lekha Mohta	tarun.mohta@gmail.com	Adult
Disha Mohta	tarun.mohta@gmail.com	Adult
khandelwal soham	rachana.khandelwal@yahoo.com	Child
khandelwal rachana	rachana.khandelwal@yahoo.com	Adult
khandelwal rishi	rachana.khandelwal@yahoo.com	Adult
khandelwal prakariti	rachana.khandelwal@yahoo.com	Child
Nanisha 	nanisha_a@yahoo.co.in	Adult
Preeja  Manoj	preejanr@hotmail.com	Adult
Manoj Ramanujam	preejanr@hotmail.com	Adult
Keertana  Manoj	preejanr@hotmail.com	Adult
Karthik Manoj	preejanr@hotmail.com	Child
Kothari manya	nishakotharijain@yahoo.com	Child
Kothari Syna 	nishakotharijain@yahoo.com	Child
Sameena Adhikari	sarusapkota@gmail.com	Child
Saraswati Adhikari	sarusapkota@gmail.com	Adult
Surendra Bafna	nishakotharijain@yahoo.com	Adult
Nisha Kothari	nishakotharijain@yahoo.com	Adult
Manish Kothari	nishakotharijain@yahoo.com	Adult
Soumya Halmandge	soumyahalmandge005@gmail.com	Child
Astha Bhatnagar	bhat_y@yahoo.com	Adult
Amulyaa	bhat_y@yahoo.com	Child
Aakarsh Bhatnagar	bhat_y@yahoo.con	Child
Moupia Chattarjee	moupia.m@gmail.com	Adult
